{
  "logistic_regression": {
    "accuracy": 0.808,
    "precision": 0.5891472868217055,
    "recall": 0.18673218673218672,
    "roc_auc": 0.7747500967839951
  },
  "xgboost": {
    "accuracy": 0.869,
    "precision": 0.7935222672064778,
    "recall": 0.48157248157248156,
    "roc_auc": 0.8653275771919839
  }
}